{"cameraMode":{"drawMode":0,"name":"Shaded","section":"Shading Mode"},"sceneLighting":true,"audioPlay":false,"sceneViewState":{"showFog":false,"showMaterialUpdate":false,"showSkybox":true,"showFlares":true,"showImageEffects":true,"showParticleSystems":true},"in2DMode":false,"pivot":{"x":10.996101379394532,"y":-7.280156135559082,"z":67.14741516113281},"rotation":{"x":-0.1300351321697235,"y":-0.565535306930542,"z":0.09086517989635468,"w":-0.8093240857124329},"size":173.147705078125,"orthographic":false}